Item,Reference,Estimate
103857 Hatstandy Andy - Emerge And See (Dysfunktional Mix).jams,109,135
1868905 Tayce - Ghost House (Original Mix).jams,116,87
2047805 The Noble Six - Forbidden Kingdom (TwoThirds Remix).jams,119,88
297030 Percy X - Vox Digital (Original Mix).jams,93,139
298397 Megashira - Microcosmos (Original Mix).jams,164,109
298914 Comiccon - Komodo (Kindervater Radio Mix).jams,142,178
299491 Barbara Morgenstern - Eine Verabredung (Original Mix).jams,102,152
299509 Barbara Morgenstern - Eine Verabredung (Original Mix).jams,102,152
3116337 Speh - Reaching You (Original Mix).jams,116,172
3154894 nCamargo - Closer To Yo (Original Mix).jams,116,86
3743797 Limonene - Infinity (Original Mix).jams,100,132
4572120 Zoomorfos - Acid Rain (Original Mix).jams,107,161
4631771 The Renegades - Heartbeat (Original Mix).jams,160,106
5492171 DT - Impulse (Original Mix).jams,93,140
5618695 Devil Dragon Tatoo - Electro Punk (Original Mix).jams,130,103
5956160 Wrexial - Downlifts (Original Mix).jams,87,116
787388 Nitrous - Cubik (Original Mix).jams,119,89
