Item,beatport_key/1.0
100066 Lindstrom - Monsteer (Original Mix).jams,0.0
1017875 JT Donaldson - UCFWM (Original Mix).jams,0.0
1019403 Penta - Butter (Original Mix).jams,0.0
1034722 Scorpio - Ali Ba-Ba (Original Mix).jams,0.0
10359 Oliver Klein - RheinKraft (Ian Wilkie Remix).jams,0.0
"1038248 Geck-O, Sinith - Full Force (Full Mix).jams",0.0
103857 Hatstandy Andy - Emerge And See (Dysfunktional Mix).jams,0.3192785164734131
1051007 D-Flected - Sombre (Original Mix).jams,0.0
1056047 Leroy Hanghofer - Bathroomboogie (Chloe Remix).jams,0.0
1059355 Barbara Lahr - Pretty Bird (Original Mix).jams,0.0
1072514 Luciano Pardini - Primata (Original Mix).jams,0.0
108844 Jason Sparks - Gangsters (Si Begg Remix).jams,0.0
"1093726 D-Lux, Jonez - Wahaha (Bangboy Booty Remix).jams",0.0
110504 Musica Charlista - Juan Y Alex (Original Mix).jams,0.0
11077 Billy Paul Williams - Winter Heat (Original Mix).jams,0.0
1115626 DJ U-Cef - Starlight (DJ Fays Remix).jams,0.0
11194 Alek Biotic - Funk Matter (Original Mix).jams,0.0
1127447 Code 3 - Living Proof (Original Mix).jams,0.0
1144674 Robbie Rivera - Escape (Jochen Pash & Norm Remix).jams,0.0
1152124 Gabriel & Castellon - Afrodisium (Groovenatics Remix).jams,0.0
1152770 Paul Tarrant - Sunset Serenade (Audien Remix).jams,0.0
1163534 Nate Mars - Higher To The Bass (Original Mix).jams,0.0
"1167965 D-Rashid, Oliver Twizt - One Dos Tres Quattro (Official LatinVillage Theme) (Original Mix).jams",0.0
1177887 Kym Ayres - Killer (Original Mix).jams,0.0
"1187324 Mr. B, Cragga - Little Acid People (Cragga Remix).jams",0.0
119077 Doctor Rockit - Cafe De Flore (Original Mix).jams,0.0
119467 TTC - Catalogue (Instrumental).jams,0.0
1196189 JP & Jukesy - Nowhere To Hide (Ilogik & Paul Janes Remix).jams,0.0
1205438 Contract Killers - Therapy (Original Mix).jams,0.0
"1258142 Brooklyn Bounce - Bass, Beats & Melody Reloaded! (DJ Space Raven Remix).jams",0.0
125918 Leafcutter John - In the Morning (Original Mix).jams,0.0
1261783 Mark Krupp - Belong With Me (Original Mix).jams,0.0
1262462 Soul Cube - Phantom Menace (Original Mix).jams,0.0
1267809 Nobody - Hip$ters (Original Mix).jams,0.0
1270235 Aquazoo Project - When The Sun Goes Down (iZaiah Remix).jams,0.0
1276072 Excessive Force - To Death (Original Mix).jams,0.0
1290726 Boduf Songs - They Get On Slowly (Original Mix).jams,0.0
1298557 Randy Katana - You & I (Original Mix).jams,0.0
1298600 Lunarsea - The Woodhouse (Original Mix).jams,0.0
1312884 Mindblast - This Is Our Summer feat. AcoB (Original Mix).jams,0.0
"131427 K. Wild, DJ Funsko - Can't Stop Me Now (DJ Funsko's Tribal House Dub Remix).jams",0.0
1320423 Jon Kwest - Raw Core (Xphouriah & Shugadadde Remix).jams,0.0
1320553 Carl Nicholson - All Aboard (Original Mix).jams,0.0
"132143 Snake Sedrick, Emze Hack - The Beginning (Original Mix).jams",0.0
1321948 Elektrikall - Ilogical Theory (Original Mix).jams,0.0
1338256 Kenjo - Night View (Original Mix).jams,0.0
1342043 Klubfiller - Fuck Your System (Original Mix).jams,0.0
1350891 Luvraw & BTB - Nobody (Original Mix).jams,0.0
"1352419 Jeronimo, Dragmatic - Funky Love (Dragmatic Remix).jams",0.0
135302 Smoke Chamberlain - Nikki (Original Mix).jams,0.0
1362355 Broady Champs - Hard!!!!!!!!! (Original Mix).jams,0.0
"1372384 Oso, Kid Of Darkroom Familia - Living Dead (Original Mix).jams",0.0
138819 Amon Tobin - Escape (Original Mix).jams,0.017594060014738185
1389267 Cell Auto Mata - Ign558 (Original Mix).jams,0.0
1393305 Zoom - Five To Eleven (Original Mix).jams,0.0
1398692 Phantom Lord - Stay Puft (XUL Mix).jams,0.0
1429124 Fresh Foolish - Fidgerator feat. A Girl & A Gun (Super Pixel! Remix).jams,0.0
14344 Oliver Prime - Velvet Sunshine (Original Mix).jams,0.0
1435514 Marco Resmann - Diary No. 1 (Continuous DJ Mix).jams,0.0
1446566 J.Rabbit - Too Much Sexy (Original Mix).jams,0.0
144851 JDS - Blackout (Original Mix).jams,0.0
"1453434 Jammer, J Da Flex - Knucklin' (Original Mix).jams",0.0
1456345 R.E.D. - Discodelic (Original Mix).jams,0.0
1460099 Paul Edge - Super Fantastic Easy Sex (Le Grand Gazou X-Rated Sex Mix).jams,0.0
1461499 Soul Conspiracy - Geezer (Original Mix).jams,0.0
1474885 Telepatic - Alcion (Original Mix).jams,0.0
1492875 Rockstah - Nerdrevolution (Original Mix).jams,0.0
1507482 PNC - Who Betta Than This? (Album Version).jams,0.0
150864 Kluster - Lava (Original Mix).jams,0.0
1541713 i-zaq - Joker (Original Mix).jams,0.0
1545117 Mando Soria - Mictlan (Original Mix).jams,0.0
1569491 Flunk - See Through You (Original Mix).jams,0.009460329249066245
"1586496 Monica X, Soraya Naoyin - The Spanish Girl On Top (Radio Edit).jams",0.0
1598083 Aimee B - Kadabra (Original Mix).jams,0.0
1599632 Bart Claessen - Elf (Original Mix Edit).jams,0.0
1607693 Ivory - Hand Grenade (Datsik & Excision Remix).jams,0.0
1622037 Transcend - Transcending The Concept (Original Mix).jams,0.0
1622038 Kickin Devil - Candyman (Jump Mix Radio Edit).jams,0.0
1627499 Oliver Gil - Kaleido (Original Mix).jams,0.0
1642729 Ted Dettman - Together (Original Mix).jams,0.0
16484 Kinder Atom - Slow Back (Original Mix).jams,0.0
1660225 Marian Deckman - iFlash (Original Mix).jams,0.0
1662838 AudioFun - Sensor (Original Mix).jams,0.0
"1681314 Alex Moran, LHK - By Way Of B (Original Mix).jams",0.0
168304 Sam Rouanet - Tsuno (Original Mix).jams,0.0
168450 Mumbo Jumbo - Mirage (Original Mix).jams,0.0
1716212 Diddy - Give Me Love (Burger Queen Babushka Mix).jams,0.0
174074 Boards Of Canada - Satellite Anthem Icarus (Original Mix).jams,0.0
1740984 Akvo - Changeling (Original Mix).jams,0.0
1746583 Nowak - See The Future Inside (Radio Edit).jams,0.0
175197 Wild Planet - 15 Love (Original Mix).jams,0.0
1758691 Deeplook - Save The Children (Original Mix).jams,0.0
1759353 Odd Sequence - Hypnotic (Original Mix).jams,0.0
1777396 Munchi - Murda Sound VIP (Original Mix).jams,0.0
1781925 Enea DJ - Seduce Me (Original Mix).jams,0.0
1783835 Miss Destiny - Right Here Waiting feat. DJ Fait (Destiny Mix).jams,0.0
"178770 Martin Brodin, Klement Bonelli - From Malmoe To Bremen (Original Mix).jams",0.0
1795965 Calvertron - Like Dis (Original Mix).jams,0.0
180779 DJ Trajic - Underground (Original Mix).jams,0.0
181659 Laurent Garnier - Flashback (Video Mix).jams,0.0
1848401 Signal Deluxe - Harmonography (Original Mix).jams,0.0
"1854407 The Clubjock, DJ Peter G - Play The Game (Basic Melody Mix).jams",0.0
1857841 Luap - Taiko Tympani (Original Mix).jams,0.0
1860990 One Project DJ - Glassss (Original Mix).jams,0.0
1868905 Tayce - Ghost House (Original Mix).jams,0.4150374992788438
1883395 Mind Killa - Open Aggression (Original Mix).jams,0.4191536077510757
189045 The Havana Boys - You're My Honey (Fellmann & Louise Remix).jams,0.0
1896153 DoubKore - Never Forever (Original Mix).jams,0.0
18975 The Askew - Invisible (D-Formation Remix).jams,0.0
190288 Central Avenue - For Only You feat. Ov (Hard Mix Vocal Latin Mix).jams,0.0
1905079 Starsystem - The Vibes (Simon Faz Ibiza Dub Mix).jams,0.0
"1918063 Andy Whitby, Technikal - Rumble (Original Mix).jams",0.0
1918338 Elektro-Punk - Restless Leg Syndrome (Original Mix).jams,0.0
193072 Echotek - Away (La Baaz Remix).jams,0.0
"1934576 Diablik, Fanatka - I'm A Bitch (Original Mix).jams",0.0
1958231 Sun Nido - Corn Bread (Beans Breaks Mix).jams,0.0
1958760 Chilled C'Quence - Levels of Rythms (Original Mix).jams,0.0
"19613 Dum Dum, First Life - One Earth Beat (First Life's Rhythm Of Life Remix).jams",0.0
196477 Two Lone Swordsmen - Spin Desire (Original Mix).jams,0.0
1974069 Cosmic Revenge - Memories (Beat Connection Remix).jams,0.0
1980637 Disorder - Peace N Harmonic (Original Mix).jams,0.0
1985174 Animat - Zeros And Ones (Album Mix).jams,0.0
1989603 Takeydo - 29state (Original Mix).jams,0.0
19936 DJ Ton T.B. - Electronic Malfunction (DJ Cor Fijneman's Outstanding Remix).jams,0.0
200573 M.I.K.E. - Salvation (Valentino Kanzyani JLY Remix).jams,0.0
200766 Zwo! - Oxigen (Original Mix).jams,0.0
2019112 Rysh Paprota - I'll Float For Now (Original Mix).jams,0.0
2022073 Self Evident - The Celebration (Original Mix).jams,0.0
2028917 Uomo Suono - Unilaterale (Original Mix).jams,0.0
203541 Drumsound & Bassline Smith - Dub Track (Original Mix).jams,0.0
2047805 The Noble Six - Forbidden Kingdom (TwoThirds Remix).jams,0.42721221322494607
2061659 Huseyin Balci - Nice To Meet U (Svetlio Remix).jams,0.0
2062542 Natalino Nunes - Praia (Original Mix).jams,0.0
2076953 Dom & Roland - Electric Smile (Original Mix).jams,0.0
2090586 Kuana - Steppin' (Kouncilhouse Remix).jams,0.008127880883400336
209357 DJ Zinc - Toothbrush (Remix).jams,0.0
209475 Burn In Noise - New Computer (Original Mix).jams,0.0
2104436 Phrenik - Rocksteady (Original Mix).jams,0.0
217855 DJ Dijital - Jit Wit It (Original Mix).jams,0.0
218890 Cyne - Growing (Instrumental).jams,0.014797001928080554
218955 Lali Puna - Everywhere And Allover (Original Mix).jams,0.0
221206 Ndru - Klang Sayang (Original Mix).jams,0.0
"225388 Morgan Caney, Kamal Joory - 3000 Miles (Original Mix).jams",0.0
"23309 Kompressor, The Green Martian - Black Onyx (The Green Martian Remix).jams",0.0
239698 CCK - Close To Me (Commercial Club Crew Remix).jams,0.0
2423336 Syndaesia - Bukkake (Hulk Remix).jams,0.0
"2446138 Lucas, Reign - Reign (Original Mix).jams",0.0
25185 Trisco - Southpaw (Original Mix).jams,0.0
255261 Rektchordz - Street Slut (Pete Voyager Remix).jams,0.0
255895 GusGus - Moss feat. Daniel Agust (Original Mix).jams,0.0
25702 Midnight Blue - Blessed (Blind Faith Reprise Version 1).jams,0.0
257025 Ed Royal - Gravity (Organic Funk Remix).jams,0.0
"2664585 Mirrors, Radioactive Man - Ways To An End (Radioactive Man Instrumental).jams",0.0
26737 Marco Repetto - Fibrill 2 (Thomas Schumacher Remix).jams,0.01064724419950848
2702217 Jaunty Beatz - Invader From Outer Space (Special Long Version).jams,0.0
"2721806 Kaskade, Rebecca, Fiona - Turn It Down feat. Rebecca feat. Fiona (Extended Mix).jams",0.0
273439 Sound Field - Psychedelic Revival (Original Mix).jams,0.0
273553 740 Boyz - Party Over Here (Boyz Party Bonus).jams,0.0
2741616 Black Motion - Mumi Wango feat. Soulflow (Motion Drum).jams,0.0
292730 Locomotive - Way Out Here (Original Mix).jams,0.0
"297002 System Nipel, Visual Contact - Lift Me Up (Cosmic Tone Remix).jams",0.0
297013 Daniel Ibbotson - Stumble (John Tejada Mix).jams,0.0
297030 Percy X - Vox Digital (Original Mix).jams,0.4098757941630649
297059 Slam - Alien Radio (Tony Thomas Mix).jams,0.0
297065 Slam - Alien Radio (Darren Emerson Mix).jams,0.0
297071 Alex Dias - Reflex (Original Mix).jams,0.0
297115 Jonas Bering - Take My Hand (Kate Simko Remix).jams,0.0
297129 Yoshinori Sunahara - Love Beat (World Of Apples Mix).jams,0.0
"297131 Maas - Look At Me Now, Falling (Zoyd and Prairie Mix).jams",0.00958604882919808
297161 Liquid Soul - The Source (Atmos Remix).jams,0.0
297162 Liquid Soul - Freeway (Original Mix).jams,0.0
"297188 Holmes Ives, Jette Kelly - Wicked Game feat. Jette Kelly, Holmes Ives, Matt Lewis (Original Mix).jams",0.0
"297193 Holmes Ives, Jette Kelly - A Priori feat. Jette Kelly, Holmes Ives, Matt Lewis (Original Mix).jams",0.0
297204 Vibe Tribe - Kick the Bass (Original Mix).jams,0.0
297252 Justin Bond - Funnyman (Original Mix).jams,0.0
297266 Quantum - Forplay (Original Mix).jams,0.0
"297271 Quantum, Kaviguitars - Slicer (Original Mix).jams",0.0
297273 Quantum - Schoss (Original Mix).jams,0.0
297280 Someone Else - Curly Mouth (Original Mix).jams,0.0
297281 Someone Else - Funky Fromage (Original Mix).jams,0.0
297286 Someone Else - Family Unties (Original Mix).jams,0.0
297287 Someone Else - Oh Sean (Original Mix).jams,0.0
297319 Blu Cianfano - Cianfy's Bossa (Latin Concepts Dub Mix).jams,0.0
297335 Matthew Dear - Deserter (Four Tet Remix).jams,0.0
297346 Savannah Joe - This Is X (Savannah's Club Mix).jams,0.0
297378 Kino Oko - The Day To Die (La Baaz Remix).jams,0.0
297409 Kato - Gone Is Love (Original Mix).jams,0.0
"297415 Richter, Niestolik - Es Ibiza (Original Mix).jams",0.0
297417 Electric Moonlight - Celebrating Love (Original Mix).jams,0.0
297422 Extranova - Dark Clouds Over Paradise (Original Mix).jams,0.0
"297485 Manolo Mendez, Mennow - Rock (Original Mix).jams",0.0
297488 Jeremy - Soul Kicks (Original Mix).jams,0.0
297491 G.Pal - Where Do We Go Now? (Original Mix).jams,0.0
297494 Future Funk - Switch Lock (Original Mix).jams,0.0
297501 Jeff Bennett - Hovering (Original Mix).jams,0.0
297506 Forteba - I’ll Never Die (Original Mix).jams,0.0
297513 DJ Glenn B - How Bizarre (Main Mix).jams,0.0
297534 Goldfish Und Der Dulz - Closer (Original Mix).jams,0.0
297535 Goldfish Und Der Dulz - Closer (Daso Mix).jams,0.0
297536 Dandi & Ugo - Kutoffen (Original Mix).jams,0.0
297538 Lex M - G4 Island (Original Mix).jams,0.0
297541 Mecanique - Silverface (Original Mix).jams,0.0
297542 Mecanique - Inertia (Original Mix).jams,0.0
297579 Kelly Holiday - Moscow Time (Electro Mix).jams,0.0
297600 Funk Revenge - Astral Ohm (Original Mix).jams,0.0
297604 Existone - Aveo (Original Mix).jams,0.0
297608 Axwell - I Found U (Classic Mix).jams,0.0
297617 Neptuner - This Dream (Mario Chris Remix).jams,0.0
297652 Flow - Brredon Arrival (Original Mix).jams,0.0
297654 Luca Morris - Door In The Floor (Original Mix).jams,0.0
297658 2MB - Dirty Life (Cresh Mix).jams,0.0
297675 The Rurals - Up to You (Deejaykul's Freebass Remix).jams,0.0
297677 The Rurals - Up to You (Original Mix).jams,0.0
297680 Ynnad Zeugnimod - Miniscula (Original Mix).jams,0.0
297692 Tom Ellis - I Smile (Original Mix).jams,0.0
297696 Paolo Bolognesi - Oh My God (Jurgen Cecconi Mix).jams,0.0
297697 Popstitute - Believe (Cencios Mix).jams,0.0
297699 Groove Garcia - Stream (Melody Version).jams,0.0
297705 Loaded - Denied (David Lead Remix).jams,0.0
297709 Maurizio Benedetta - The Morning (1 AM Mix).jams,0.0
"297717 D. Ochoa, Jose M. - A Finale (Original Mix).jams",0.0
"297718 D. Ochoa, Jose M. - La Movida (Original Mix).jams",0.0
297721 Francesco Vega - It's Psyco (Electro Mix).jams,0.0
297735 Jamie Jones - I Like You (Original Mix).jams,0.0
297751 Mikel Curcio - Tonight (Tom Sawyer Remix).jams,0.0
297756 Pistolpuma - Stay Up Late (Original Mix).jams,0.0
297757 Pistolpuma - Stay Up Late (Lt Wee Remix).jams,0.0
297768 The Houselovers - Feel Da Riddim (Jordan Rivera Remix).jams,0.0
297807 Polyharmonique - Luna (Original Mix).jams,0.0
297811 Polyharmonique - Piango Gemo (Original Mix).jams,0.0
"297818 Michelle Weeks, Craig Mitchell - Step Out On Faith (DJ Reset Mix).jams",0.0
297890 DJ Icey - What It Is (Jokkumm La Coste Mix).jams,0.0
297969 Soulkeeper - Deeper (Trancesetters Remix).jams,0.0
297993 DJ Zany - P.L.O.R.K. (Original Mix).jams,0.0
297994 Cenoginerz - You Like The Bass (DJ Zany Remix).jams,0.0
297995 Jazzamor - Song For Maggie (Original Mix).jams,0.013674936897076495
297996 Cenoginerz - You Like The Bass (Original Mix).jams,0.0
298006 Madison Park - All About The Groove feat. Paul T (Sona Remix).jams,0.0
298007 Paul T - Sunset Vibin (Original Mix).jams,0.0
"298012 DJ Zany, Pavo - Porn (Original Mix).jams",0.0
298015 DJ Zany - Hectik (Original Mix).jams,0.0
"298020 David Tort, DJ Ruff - La Girls feat. Angel De Frutos (Gilbert Le Funk Al Andalus Remix).jams",0.0
"298024 David Tort, DJ Ruff - La Girls feat. Angel De Frutos (Original Dub Mix).jams",0.0
298029 Brennan Heart - D*I*C*K*H*E*A*D (Original Mix).jams,0.0
298054 Subsky - Placebo Effect (Original Mix).jams,0.0
298055 DJ Zany - Sky High (Original Mix).jams,0.0
"298061 DJ Zany, Pavo - Big Fat Bass (Original Mix).jams",0.0
298078 Southstylers - Pwoap! (Original Mix).jams,0.0
298080 Atnarko - Don’t Ya Know (Original Mix).jams,0.0
298084 DJ Zany - Razzia! (Original Mix).jams,0.0
298104 Audiobeats - Hello (Original Mix).jams,0.0
298109 Ever Elecma - Warrior Moment (Original Mix).jams,0.0
298111 DJ Zany - Forentic (Original Mix).jams,0.0
"298129 DJ Zany, Pavo - 99.Nine (Original Mix).jams",0.0
298169 Marschmellows - Rough Rider (Original Mix).jams,0.0
298170 Marschmellows - Hasten (Original Mix).jams,0.0
298172 Marschmellows - Twilight (Original Mix).jams,0.0
"298193 Marschmellows, Sugar B. - Swoundosophy feat. Sugar B. (Moodorama Remix).jams",0.0
298211 Taxi - People Come Running (Original Mix).jams,0.0
298226 Slop Shop - Verve (Remix).jams,0.0
298397 Megashira - Microcosmos (Original Mix).jams,0.008823850387006149
298429 Marschmellows - Katsuo (Original Mix).jams,0.0
298430 Marschmellows - Katsuo (Shinya Tsukamoto Remix).jams,0.0
"298474 Marschmellows, Verona Davis - Soulpower (Jazzanova Reworked) feat. Verona Davis (Extended Version).jams",0.0
"298530 Karl Frierson, Marschmellows, Verona Davis - Emma feat. Karl Frierson, Verona Davis (Original Mix).jams",0.0
298535 Marschmellows - Katsuo (Original Mix).jams,0.0
298763 Luke Hess - Ominiscient (Original Mix).jams,0.0
"298791 Agent K, J-Break - Automatic (C-Vaughn & J-Virtue Remix).jams",0.0
298795 Martin Bonansea - Spirit Of Force (Bs As Deep Remix).jams,0.0
298824 Shaun King - Where Are We (Original Mix).jams,0.0
298846 Junk Science - My Name Is Jacques (Original Mix).jams,0.0
298847 Junk Science - My Name Is Jacques (Simucks Plastic Funk Remix).jams,0.0
298860 Soul Mozaics - Word Up (Original Mix).jams,0.00808234629785853
"298863 Raul Cremona, Fernando Ballesteros - Cocaine (Original Mix).jams",0.0
298866 Argy - 1985 (Sydenham & Rune Remix).jams,0.0
298867 Argy - Tool (Original Mix).jams,0.0
298880 Axel Karakasis - Overhang (Original Mix).jams,0.0
298914 Comiccon - Komodo (Kindervater Radio Mix).jams,0.0
298915 Comiccon - Komodo (Kindervater Remix).jams,0.0
"298951 Presslaboys, Romano Alfieri - Sudomagodo (Original Mix).jams",0.0
"298984 Astuni, Manuel Le Saux - Faith (Original Mix).jams",0.0
"298985 Astuni, Manuel Le Saux - Faith (Spiral Motion vs. Far & Away Remix).jams",0.0
298989 The Chap - Woop Woop (Hot Chip Remix).jams,0.0
298992 The Chap - Auto Where To (Vincent Oliver Remix).jams,0.0
299003 The Southern Alliance - Monkey Jungle (Original Mix).jams,0.011315313227834127
"299031 Joe Montana, Andrea Introvigne - Saziable (Original Mix).jams",0.0
299041 Itamar Sagi - Cancun (Original Mix).jams,0.0
299050 Chris Liebing - D (Original Mix).jams,0.0
299059 Tigerskin - Desperate Mouselives (Original Mix).jams,0.0
299063 Moritz Piske - Ein Kanguruh Im Klubraum (Original Mix).jams,0.0
299064 Gennaro Rossi - Purple Haze (Original Mix).jams,0.0
299073 The Factory - Couldn't Love You More (Mark Storie Remix).jams,0.011404763272249343
29912 Slam - Bright Lights Fading (Slam Mix).jams,0.0
"299157 David Penn, Dave Storm - Plastic People (Montilla Remix).jams",0.0
299159 Porno - Gonna Shake It (Kortezman Club Mix).jams,0.0
299160 Porno - Gonna Shake It (Kortezman Dub Mix).jams,0.0
299298 Ramatis - Fresh feat. Rose Max (Original Mix).jams,0.0
"299306 Leo Janeiro, CIC - So Freak Me (Original Mix).jams",0.0
299310 Global Cee - Alive (Global Mix).jams,0.0
299311 Global Cee - Alive (Cee Mix).jams,0.0
299355 Wipes - Bang (Mass In Orbit Remix).jams,0.0
299365 Kan Cold - Restart (Original Mix).jams,0.0
299396 Quarks - Wiederkomm (Original Mix).jams,0.0
299450 Florida - The Girl On The Escalator (Original Mix).jams,0.0
299452 Cajjmere Wray - Biggest Mistake feat. Sasha (Original Radio Edit).jams,0.0
299453 Cajjmere Wray - Biggest Mistake feat. Sasha (Original Club Mix).jams,0.0
299454 Cajjmere Wray - Biggest Mistake feat. Sasha (Cajjmere Wray's Tribal Radio Edit).jams,0.011140557605200408
299455 Cajjmere Wray - Biggest Mistake feat. Sasha (Cajjmere Wray's Peak Hour Tribal Mix).jams,0.011140557605200408
299456 Cajjmere Wray - Biggest Mistake feat. Sasha (Cajjmere Wray's Darker Tribal Dub).jams,0.011140557605200408
299462 Quarks - Fallen (Werden Wir Alle In Grossen Spiralen Aus Dem Himmel Gespuckt) (Schneider TM Mix).jams,0.0
299464 Quarks - Dunkeln (Jamie Hodge Mix).jams,0.4104647694890198
299465 Plastic Operator - The Pleasure Is Mine (Original Mix).jams,0.0
299468 Plastic Operator - Couch (Original Mix).jams,0.0
299469 Plastic Operator - Home 0207 (Original Mix).jams,0.0
299473 Plastic Operator - Why Don't You? (Original Mix).jams,0.0
299482 Contriva - Kapitan (Original Mix).jams,0.0
299488 Contriva - The Things You Said (Dm Coverversion Mix).jams,0.0
299489 Komeit - Don't Call (Original Mix).jams,0.01282404035758362
299490 Quarks - Sonntag (James Figurine Some Sundays Mix).jams,0.014355292977070055
299491 Barbara Morgenstern - Eine Verabredung (Original Mix).jams,0.4056388012765943
299492 Contriva - 8 Eyes (Tom Thiel Mix).jams,0.009650170033719367
299497 DJ Rilla - Jah Hear Me (Original Mix).jams,0.0
299509 Barbara Morgenstern - Eine Verabredung (Original Mix).jams,0.4056388012765943
299546 Jerome Robins - Time Will Tell (Tom Sawyer Mix).jams,0.0
299547 Denis Naidanow - Night Club (Original Mix).jams,0.0
299624 Kaiak - Punkt (D.Lewis & Emix Remix).jams,0.0
299679 Markus Schulz - Never Be The Same Again feat. Carrie Skipper (Markus Schulz Coldharbour Mix).jams,0.0
299681 Tenishia - Five (Original Mix).jams,0.0
299701 David Forbes - Better World (Original Mix).jams,0.0
299743 Bionik Phunk - Rocket Powder (DBN's Electric Fix).jams,0.0
"299754 Joe Montana, Andrea Introvigne - Saziable (Stereologic Love Mix).jams",0.0
299761 The Timewriter - Handsome Machine (Original Mix).jams,0.0
299764 The Timewriter - Flicking Pages (Original Mix).jams,0.0
"299769 The Timewriter, Mary Joe - Mary's Wisdom (Original Mix).jams",0.0
299772 The Timewriter - Night Train (Original Mix).jams,0.0
299773 The Timewriter - Soulstickers (Original Mix).jams,0.0
299800 Agnes (ch) - Bass Music For Bass People (Original Mix).jams,0.0
299801 Agnes (ch) - Anger Therapy (Original Mix).jams,0.42701014094491985
299807 Precious X Project - Dukkha's Revenge (Radio Edit).jams,0.0
299809 Precious X Project - Dukkha's Revenge (Orazio Fatman Remix).jams,0.0
299810 Precious X Project - Dukkha's Revenge (Pornocult Mix).jams,0.0
299817 2 Figli Deep - One For The Angels (Original Mix).jams,0.0
299820 2 Figli Deep - Where Is Everybody? (Original Mix).jams,0.0
299832 Starecase - See (Original Mix).jams,0.0
299834 Starecase - See (Timo Maas Remix).jams,0.0
299836 Starecase - See (Rulers Of The Deep Mix).jams,0.0
299849 Woody B. - Holdin' On feat. Brent St. Clair (Kris Reen Sunshine Mix).jams,0.0
299862 Violett - Isabella (Original Mix).jams,0.0
299868 Harlem Hustler - Feeling (Dub Mix).jams,0.0
299870 Harlem Hustler - U Can Do It (Harlem Hustler Club Mix).jams,0.0
299887 DJ Memo - 12345678910 (Fran Egea Remix).jams,0.0
"299890 Arnaud Le Texier, Luciano Esse - Awakenings (Original Mix).jams",0.0
299932 Mr. Fiction - Open Door (Original Mix).jams,0.0
299933 Mr. Fiction - First Bullet (Original Mix).jams,0.0
299943 Mario Ranieri - Bummnoglzua (Deep 'Veisalgia') (Original Mix).jams,0.0
299945 Mario Ranieri - Bummnoglzua (Clanking 'Bummnoglzua') (Original Mix).jams,0.0
299968 DJ Nasty - U Scared (Original Mix).jams,0.0
299970 DJ Nasty - Wait A Minute (Original Mix).jams,0.0
299976 Paolo Bolognesi - Oh My God (Jurgen Cecconi Remix).jams,0.0
299977 Popstitute - Believe (Cencios Mix).jams,0.0
299994 JPLS - Green 01 (Skoozbot's Twilite Remix).jams,0.0
299995 JPLS - Twilite 6.1 (Original Mix).jams,0.0
3010576 Sky'high - Look At Me Now (Clean Edit).jams,0.0
3011454 DJ Melo - Corrosion (Moombahton Original Mix).jams,0.0
3020003 Daniel Loubscher - Follow Me (Original Mix).jams,0.0
"3023456 Bones, B. Brain - Insomnia (Original Mix).jams",0.0
3027735 Hunted - Cycles (Original Mix).jams,0.0
30278 Neurotron - Indigo (Alectric Mix).jams,0.011495638837829386
3028271 Alex Long - Clip Clap And Audiomat (Original Mix).jams,0.0
3052009 Radioinactive - Mud (Original Mix).jams,0.0161196653632769
307186 Cut La Roc - Crazy Dope Pimp Sh*t (Original Mix).jams,0.0
3078576 Douglas Palmer - Electronic (Sunset Mix Edit).jams,0.0
"3086101 Space Tribe, Laughing Buddha - One Drop (Original).jams",0.009915468865082782
3098555 ESD - Dynimaze me! (Original Mix).jams,0.0
3116337 Speh - Reaching You (Original Mix).jams,0.4150374992788438
"3124420 Marco Del Horno, DJ Swerve - Just Rewind feat. Blacks, Lady Chann (Original Mix).jams",0.0
3124687 Pierpaolo Effe - Banlieues (Original Mix).jams,0.0
3126447 Carlo Ruetz - Life Goes By (Nico Pusch Remix).jams,0.0
312995 X-Dream - Coming Soon (Original Mix).jams,0.0
3139360 Mindscape - Drive By (Original Mix).jams,0.0
3141667 DJ Disa - Odyssey (Original Mix).jams,0.0
3154894 nCamargo - Closer To Yo (Original Mix).jams,0.4150374992788438
316031 Gitana - Talkin' Bout A Revolution (S.O.B. Mix).jams,0.0
3161699 Enfusia - Planet Saw Groove (Original Mix).jams,0.0
3198358 FrostRAVEN - Muse (Original Mix).jams,0.0
3207588 Mike Kiraly - Flunky Knock (Original Mix).jams,0.0
3218510 Knife - I Am The Boss (Original Mix).jams,0.0
"3221970 Urban Absolutes, Paskal - Homewave (MADF Remix).jams",0.0
3240761 Silent Running - Greatful Dawn (Original Mix).jams,0.0
3251296 Bisweed - Deadly RnB (Original Mix).jams,0.0
3260611 System Sequence - L.f R (Original).jams,0.0
326117 Velvet Girl - Velvet (Vocal Trance Mix).jams,0.0
3272193 Myth Of Unity - Break Your Neck (Original Mix).jams,0.0
328299 The Funk Lab - Prospecting For Life (Original Mix).jams,0.0
3286229 John Ferris - Generation Bass (Radio Mix).jams,0.0
3286310 Blutonium Boy - Hardstyle Instructor (Blutonium Boy Hardstyle Edit).jams,0.0
3292669 The Mekanism - Your Shade (Original Mix).jams,0.0
3299235 Jessica Lauren Four - White Mountain (Original Mix).jams,0.0
3303218 Nian Project - Joy Thing (Bit Sunday Mix).jams,0.0
331595 DJ Mouse - Fushion Beats (Original Mix).jams,0.0
3318291 Future Beat Alliance - Brighton (Original Mix).jams,0.0
332026 Bubbles - Bidibodi Bidibu (2007 Re-Edit Extended).jams,0.0
33583 Dub Kult - On and On (Remix).jams,0.0
"335862 Diovanni, JC Mazter - I Like To Dance feat. Alex Hunt (Part 1 Mix).jams",0.0
3359168 Criostasis - All Systems Ready (Original Mix).jams,0.0
3360682 Droplex - Speed (Original Mix).jams,0.0
3377570 Agroprom - Right Way (Original Mix).jams,0.0
3390945 Sunseekers - Paraglide (Mind-X vs Stenzel Mix).jams,0.0
3400910 Fabio Vi - El sueno de Cuba (Original Mix).jams,0.0
3408131 Giuseppe Bottone - Dem Sturm (Original Mix).jams,0.0
"3440288 Maya, The Tamperer - Feel It (Original Version).jams",0.0
3445831 Evil Needle - Angel (Original Mix).jams,0.0
3467040 Apathy - Doe For Clothes (Original Mix).jams,0.0
3476908 Alexander Cabrera - Illumin (Original Mix).jams,0.0
3509627 La Boutique - Under The Sun (Instrumental Mix).jams,0.0
3516171 666 - Paradoxx (Club Mix Reprise).jams,0.0
3520807 Fresh Daily - Diamonds feat. Chris Faust (Original Mix).jams,0.0
"3527620 Paimon, Place 2B - Quite (Original Mix).jams",0.0
3528734 Nickynutz - Kill Dem Sound (The Mighty Dreadnaut Remix).jams,0.0
3540106 DJ Whitestar - Sunny Boom (Original).jams,0.0
3547619 DJ Madskillz - Other People (Original Mix).jams,0.0
3558946 Philipp Munch - Mountain (Original Mix).jams,0.4150374992788438
"3569019 Aly & Fila, Jwaydan - Coming Home (Eximinds Remix).jams",0.0
3574764 Loran & Tiana Vegas - Work! (Original Mix).jams,0.0
3581368 Indole Alkaloid - Aversion (Original Mix).jams,0.0
3607700 Chewie - Survival (Riskotheque Remix).jams,0.0
3619815 Aerofeel5 - Feel the Spain (G-Low Remix).jams,0.0
3622084 Placid - Mysterious In The Night (Original Mix).jams,0.0
3639596 Michael S. - Mark Me Down (Radio Edit).jams,0.0
3655850 Hear No Evil - Shiva (Original Mix).jams,0.0
3662506 Hangya Zsolt - Exit (Original Mix).jams,0.0
3704248 Acid Kit - El Baile De Tlaloc (Original Mix).jams,0.0
371036 The Pharcyde - She Said (Remix Instrumental).jams,0.0
3715704 Alexander Nedelenko - Old Tree Play This (Original Mix).jams,0.0
"3727019 Yann Novak, Marc Manning - Pairing 2 pt. 1 (Original Mix).jams",0.02236781302845451
"3728272 Betina Bager, Brian O - Goodbye (Radio Version) (Original Mix).jams",0.0
3733853 Nathan Hadley - Monster (Ryan R Remix).jams,0.0
3737315 Whydyem - Forgotten Souls (Original Mix).jams,0.0
3743797 Limonene - Infinity (Original Mix).jams,0.4646682670034443
3762907 Promo - Unbreakable (Original Mix).jams,0.008511499855517404
3766235 L.A.O.S - Hush Now (501 Remix).jams,0.0
37745 Murat - Third Floor Pt. 1 (Original Mix).jams,0.0
37779 Solid Slide - Epic Storm (Original Mix).jams,0.0
3783446 Sasha DaBro - Gorodskaya Toska (Original Mix).jams,0.0
"3794333 Fisso, Spark 7 - All Systems Are Functional (Original Mix).jams",0.0
"3801208 SirensCeol, Brianna Lempesis - So Far Gone (feat. Brianna Lempesis) (Original Mix).jams",0.0
3801681 Audible Astronaut - Ghost Talk (Ceasar K Remix).jams,0.0
3817388 The Rumblist - Tidy Up (Original Mix).jams,0.0
3830951 Shawn Dell - Alter Ego (Original Mix).jams,0.0
"3831323 Terry Dexter, Sir D - Celebration (Original Mix).jams",0.0
384265 Sub Focus - Bluenote (Original Mix).jams,0.0
"384364 MLO, David Thomas - Fish Shack (Original Mix).jams",0.0
"385707 Gabriele D'Andrea, Andy Funk - Blow (Jump Mix).jams",0.0
3857465 Carlo Joza - The Soul (Ricardo Trueba Remix).jams,0.0
3865255 Günter Schickert - Wanderer (Original Mix).jams,0.0
3868708 Original Sin - Donnie Darkness (Original Mix).jams,0.0
3905287 Valerio Latina - Dancing Slowly (Original Mix).jams,0.0
"3912606 Alexander Popov, Kyler England - My World feat. Kyler England (Radio Edit).jams",0.0
3915618 DJ Starmist - Krystal Children (Original Mix).jams,0.0
392321 Marco Bailey - Scorpia (Original Mix).jams,0.0
3937649 Akira As Astronaughty - You Dont Know Me (DTX Remix).jams,0.0
"3948315 Doug Poole, Douken - Swerve (Original Mix).jams",0.0
3968158 Yagura - The Geofront (Original Mix).jams,0.0
"3987315 Mechanique, Jussi-Pekka - Svongolism (Jussi Pekka Remix).jams",0.0
3988819 Ralph Novell - Odyssey (Ian Buff Remix).jams,0.0
3994605 Siggatunez - Plan R (Remix).jams,0.0
3999467 Woody Guthrie - Railroad Blues (Original Mix).jams,0.0
4004366 Lovebirds - Chasing Things (Original Mix).jams,0.0
401815 White Girl Lust - Go & Get It feat. Spoek (Original Mix).jams,0.0
"402978 Kryptic Minds, Leon Switch - Simple To Lose (Original Mix).jams",0.0
4032964 Nando CP - Freaking Out (Original Mix).jams,0.00971515483321185
4071302 B-zer - Dream Safe (Original Mix).jams,0.0
"40875 Pure Science, Sci-Phi - Human Spirit (Original Mix).jams",0.0
4089252 Zen Mechanics - Modified (Logica Remix).jams,0.0
4090254 Energy Flow - Once (Original Mix).jams,0.0
410637 Vandall - If You Want (My Love) (Original Mix).jams,0.0
"4111004 TK Wonder, Ways & Means, Djaikovski - Hell of a Road (Ways & Means Remix).jams",0.0
4132072 Tom Buster - Rouge (Original Mix).jams,0.0
"4134179 Rachael Calladine, Alliance DC - Take Me Now (Bah Samba Acoustic Remix).jams",0.0
4151001 Fr33m4n - On Fire (feat. Rascal Mc) (Dubstep Mix).jams,0.0
4164104 Da Youngfellaz - Cruisin (feat. K-Quick) (Original Mix).jams,0.0
4184078 Inspire - Everybody Jumping (Hard Mix).jams,0.0
4186569 Dead Rows - Never See (Original Mix).jams,0.0
4188354 E.S.G. - Two Glocks Two Hoes (Original Mix).jams,0.0
"4188360 Haze, True Facts - Fresh (Original Mix).jams",0.0
4202945 Freq - Sunglider (Original Mix).jams,0.0
4217672 Ridium - Eye Of A Needle (Original Mix).jams,0.0
4220180 Twenty Knives - Square Brain (Original Mix).jams,0.0
4222236 Burke - Sunny For A Few Hours... (Original Mix).jams,0.0
42234 Rafael Gomez - All Systems Are Go (Original Mix).jams,0.0
4251163 Hiroki Esashika - Eve (Original Mix).jams,0.0
4262086 Jon Game - Knobbin' Up (ft. U.M.B.R.O) (Original Mix).jams,0.010806754956582912
4264841 Sleeper - Tidal (Original Mix).jams,0.0
4265141 Robin Schulz - Stone (Delia Ros Remix).jams,0.0
4299047 Jeffrey Johnson - A Bowery Cafe (Cool Rhythm Mix).jams,0.0
4306620 Jakes - Rounds (Original Mix).jams,0.0
431138 Random Play - Hovvy Roller (Original Mix).jams,0.0
431805 Sonny Aka - Submerge (Original Mix).jams,0.0
"4318934 Jose De Rico, Henry Mendez - Noche de Estrellas feat. Jay Santos (Radio Edit).jams",0.0
4328336 KillBoy - It's Time For Trap (Original Mix).jams,0.0
432966 Brad Hed - The Girlz & Boyz (Vandalised Dub).jams,0.0
4334231 BK - Playing With Knives (Original Mix).jams,0.0
4340615 En2ak - Gilgamesh And The Invention Of Frisbee (Original Mix).jams,0.0
4341902 Bombilla - Formaldehyd (Original Mix).jams,0.0
"435271 Klems, Liloo - Green Day (Original Mix).jams",0.0
4372159 Francois Manzo - Decadence (Original Mix).jams,0.0
4376323 Quantum - Blue Sky (Original Mix).jams,0.0
4408526 All Boxed In - These Things Happen (Maddox & Townend 'Offbeat Thunder' Remix (Album Edit)).jams,0.0
4411864 Zhink - The River (Original Mix).jams,0.0
441969 Beat Assassins - We Run Tings (Original Mix).jams,0.0
4451522 Nikolai Marti - Kill The Robot (Original Mix).jams,0.0
446875 Stefano Noferini - Till You Come Back feat. Peyton (Mario Ochoa Dub Mix).jams,0.0
4482723 Sharigrama - 260Kin (Original Mix).jams,0.0
4496670 Loko - In Love (Original Mix).jams,0.0
4503715 Hedlok - Ryddym Of The Night (Original Mix).jams,0.0
450431 Dousk - Hammer (Original Mix).jams,0.0
4510650 Delete - Air Raid Waltz (Original Mix).jams,0.0
451169 Rob Jackson - My Crew (Original Mix).jams,0.0
45212 Matthew Dear - Juice (Original Mix).jams,0.0
4568358 Steve Cavalo - Show for All (Original Mix).jams,0.0
4571164 Hugh Xdupe - Kingston Tek (Extended Mix).jams,0.0
4572120 Zoomorfos - Acid Rain (Original Mix).jams,0.41953889151378465
4587092 Topmodelz - Your Love (Club Mix).jams,0.0
4590691 Johnny Ringo - Rub a Dub (Original Mix).jams,0.0
4596386 Paul SG - Grey Skin (Vendubz Remix).jams,0.0
4616741 Luc Vel Mzura - Come Down (Original Mix).jams,0.0
4623197 Lou Bega - Mambo No. 5 (A Little Bit Of...) [Re-Recorded] (Original Mix).jams,0.008267615983600572
"4630401 PIXL, Dead Robot - Dream Of You (Original Mix).jams",0.0
4631771 The Renegades - Heartbeat (Original Mix).jams,0.0
"4660390 Mitomi Tokoto, Daishi Dance, Sarah Howells - Don't Leave Without Me feat. Sarah Howells (Mitomi Tokoto 2012 Remix).jams",0.0
4660409 Youngblood Brass Band - Cite the Line (Original Mix).jams,0.0
466208 Kobain - K.O. Bain (Original Mix).jams,0.017277991431835473
"4664095 Ryan KP, MoMan - Truth (Original Mix).jams",0.0
"4665597 D-Block, S-te-Fan - Twisted Mind Fantasy (Original Mix).jams",0.0
4692133 Artimixx - All You Gotta Do (Instrumental).jams,0.0
"470136 Louis Slipperz, RawDog - Eleventh Hour (Original Mix).jams",0.0
"4704294 Alvaro Wade, Raul Aguilar - Yamba (Original Mix).jams",0.0
471711 Crying Freemen - You Can Loose Your Mind (Original Mix).jams,0.0
4733800 Jonathan Cowan - Mental Health (Original Mix).jams,0.0
4741346 Mr Kenyiro - Plagont (Original Mix).jams,0.0
"4753283 Lu Doyle, SEE MORE - F*** The Rest (JONO GREEN REMIX).jams",0.0
4765342 Hotwire - Feel It (Original Mix).jams,0.0
4767556 J.Mancera - My House (Iker Kabe Remix).jams,0.0
"4770235 Kevin Coshner, Adrian LaMiniM - Syndicate (Original Mix).jams",0.0
4771754 Eddy WhiteStarr - Kladderradatsch (Original Mix).jams,0.0
4793409 Hector Fonseca - Face (E-Thunder Remix).jams,0.0
4805277 Antent - Truth (VIP Trap Mix).jams,0.0
482720 Iken - In Touch (Original Mix).jams,0.0
4829270 Lukito - We Have Fun (Original Mix).jams,0.0
4838183 Whatshesaid - Music Makers (Original Mix).jams,0.0
4848629 Los Amigos Invisibles - Bruja (Original Mix).jams,0.0
"4855328 Yo Gotti, 2 Chainz - Cases (Original Mix).jams",0.010492373817642486
4857871 DJ Santa Klaus - A natale puoi (Original Mix).jams,0.0
486117 Ajk - Technostrobo (Original Mix).jams,0.0
4870279 Chop Black - Aggressive (Original Mix).jams,0.007417471562482984
"4878879 Jaren, Andy Duguid - 7even feat. Jaren (Radio Edit).jams",0.0
487971 Adamatic - Sad Song (Original Mix).jams,0.0
4885376 Antony Reale - Thunder (Club Mix).jams,0.0
4887623 Manian - Hands Up Forever (Giorno's G! Remix).jams,0.0
4887778 Oscar Cajeta - No Matter (Le Monde Mix).jams,0.0
"489613 Molemen, PNS - No Axe (Instrumental).jams",0.017073513358941406
"4906181 Fluor feat Diaz, Indigo Pista - Kepkockak (Akusztik).jams",0.0
4907717 Morlack - Thunder Banger (Original Mix).jams,0.0
4917696 Polyester The Saint - (Bonus) Late Night Dippin' (Dfunk Remix) (feat. Kurupt) (Original Mix).jams,0.0
49242 FALSE - Tanning Booths (Original Mix).jams,0.0
4938098 Boss Axis - Challenger (Alle Farben Remix).jams,0.0
"4943671 Jason Rivas, Muzzika Global - Elektro Bollywood (Full Vocal Mix).jams",0.0
4944953 Figure - Are You Afraid of the Dark (feat. Lexi Norton) feat. Lexi Norton (Zardonic Remix).jams,0.00826761598360044
4946269 Mavrik - God Complex (Original Mix).jams,0.0
495613 Cephalonya - Mind Your Step (Original Mix).jams,0.0
49721 King Kong Crew - Make Me Acid (Original Mix).jams,0.0
497517 Rufige Kru - Vip Riders Chost (The Origin) (Original Mix).jams,0.4193764350031812
4998705 BK - Playing With Knives (Original Mix).jams,0.0
501476 Nobody Famous - Growing Up Famous (Original Mix).jams,0.0
"5031142 EDU, Samrock - Lift Up (Radio Edit).jams",0.0
5057312 Distances - Boring Chuck (Original Mix).jams,0.0
5060362 The Phoenix - My Vengeance (Original Mix).jams,0.0
5066211 Matt Green - Feels Like (Original Mix).jams,0.0
50823 Tigerskin - Style (Original Mix).jams,0.0
5092947 B-Fairy - Unexplored Valley (Hoyaa Remix).jams,0.0
5095717 South Street Player - Stop Using People (That Girl Mix).jams,0.012174713946102226
5123514 Alexxander - Isabelle (Seal De Green Remix).jams,0.0
5124113 Dubstep Hitz - Banjo Kazooie (Dubstep Remix) (Original Mix).jams,0.0
5133242 Midnight Conspiracy - The Shift (Original Mix).jams,0.0
5138597 Feeboy - Mellow (Original Mix).jams,0.0
5144599 Clement Bazin - Come to This (Original Mix).jams,0.0
5152629 Bob Moses - Far From the Tree (Original Mix).jams,0.0
515806 Canelason - Hommes De Passage (Original Mix).jams,0.0
5159908 The Funk Lab - Give It To Me (Original Mix).jams,0.0
5188713 Corner - The Bass Monster (Original Mix).jams,0.0
5192554 Mechanical Pressure - Rukmini (Original Mix).jams,0.0
51936 Break 3000 - Flash 1 (Original Mix).jams,0.0
5207351 Andrea Natale - Yellow (Original Mix).jams,0.0
521598 Electric Noise - If You Wanna Dance (Electric Noise Mix).jams,0.0
522851 Miro Pajic - Disappear In The Fog (Original Mix).jams,0.0
5234073 Tomzn - Chorderitis (Original Mix).jams,0.0
5234318 Stan Seba - Hiddensee (Jayson Butera Remix).jams,0.0
5254640 Sky Warriors - Echo Sounder (Original Mix).jams,0.0
5272649 Tabu - Follow Me (Club Edit).jams,0.0
"5287841 JP Chronic, Allonymous - Walk Men (Supernova Remix).jams",0.0
5296203 Zadar - A Stolen Glance (Original Mix).jams,0.0
5299867 L & L - Limp Dixx Dude (Original Mix).jams,0.0
5299981 Cadenza (US) - BassTings (Original Mix).jams,0.0
5315287 A.F.R - Thunder (Dave Wincent Remix).jams,0.0
5317673 Deztroyer - Dark Room (Original Mix).jams,0.0
5324261 The Prophet - H3Y! (2014 Album Edit).jams,0.0
5330075 GroYen - Quietude (Original Mix).jams,0.0
5338500 Ron Morelli - Shredder (Original Mix).jams,0.0
"5359592 Jason Caesar, Goose Bumps - This Life (Paul Vinx Remix).jams",0.0
5371595 Dubdeep - Sunday Evening (Original Mix).jams,0.0
5380961 Patrick M - Bowie (Original Mix).jams,0.0
5392168 Salvatore Polizzi - Purest Meth (Original Mix).jams,0.0
5404020 Skeewiff - Man of Constant Sorrow (Original Mix).jams,0.0
5404068 Jon Dark - Deep Enough (Chance & Dark Remix).jams,0.0
5411517 Robbie Muir - Reboot (Original Mix).jams,0.0
5415462 DJ Enrico Fiorella - Kontrol (Original Mix).jams,0.0
5420676 Collective Sound Members - Forever Waiting (Original Mix).jams,0.0
542315 Dimiz - The Electric Universe (Original Mix).jams,0.0
5427061 Fred V & Grafix - Forest Fires feat. Etherwood (Original Mix).jams,0.0
"5429242 Michael Gidley, Damn Dan - Suspension (Original Mix).jams",0.0
5456553 Strongbass - Prototype (Original Mix).jams,0.0
5466977 Deedrah - Reload (Skyfall Remix).jams,0.0
5492171 DT - Impulse (Original Mix).jams,0.4098757941630649
5495991 Benjamin Takats - Something in My Mind (Album Mix).jams,0.0
"5497183 Stereoliner, Brain Rock - Merry X Bass (Festival Anthem Edit).jams",0.0
5545112 Candide - Lost in the Sun (Original Mix).jams,0.0
5554987 Spike Theory - The Love Within Part II (Original Mix).jams,0.0
"55659 Smuk, Thodob - Kalkspat (Reacts With Acid Mix).jams",0.0
5568606 Capibara - Jordan (Original Mix).jams,0.0
5575647 Lyptikal - Scanners (Original Mix).jams,0.016119665363276994
558054 Sebrok - Almost Famous (Original Mix).jams,0.0
5611816 Diamans - Elegance (Original Mix).jams,0.0
5618695 Devil Dragon Tatoo - Electro Punk (Original Mix).jams,0.0
5622199 Item - Meltdown (Original Mix).jams,0.4150374992788438
"5630800 Changes, Spencer Hardwick - Executioner (Original Mix).jams",0.0
5653983 einsauszwei - Air Run (Helmut Dubnitzky & Jackspot Remix).jams,0.0
5654170 Leser - Disclosure (Original Mix).jams,0.0
5667823 Wavolizer - The Difference (Original Mix).jams,0.0
5672671 Erorped - Lysergic State (Original Mix).jams,0.0
5693285 Daisy Chain - Armies (Original Mix).jams,0.0
5697805 Ben Benjamin - Temporary Aztec (Original Mix).jams,0.0
5701122 Miss Caramelle - Higher (Mykel Mars Festival Remix).jams,0.0
5723120 Frilla - Dance Down (Original Mix).jams,0.0
5728532 Anthony Brooklyn - Tessa's Groove (Original Mix).jams,0.0
5734184 Geezy Jones - We Here Now (feat. Str8-Lace)(Explicit Mix) (Explicit).jams,0.0
"5742777 Edu Yattah, Natascha Stern - Restless Love Featuring Natascha Stern (Original Mix).jams",0.0
5769455 Asonat - Rather Interesting (Original Mix).jams,0.0
5795173 Nacim Ladj - Minimal Electroid (Original Mix).jams,0.0
580557 Jeff Miller - Robot 7 (Robotic Edit ).jams,0.0
5813087 Drumatix - Liquid Dessert (Original Mix).jams,0.0
58226 Bring Back the Buffalo - Experiences (Original Mix).jams,0.0
5831818 The Black Atlantic - Fragile Meadow (Rampue Remix).jams,0.0
5841117 STX - Barech (Original Mix).jams,0.0
585098 Klartraum - Control-C (Original Mix).jams,0.0
5855468 Kosheen DJs - Waiting (Original Mix).jams,0.0
5866030 Voltrom - Purpur (Original Mix).jams,0.0
"5876668 Alberto Feria, Andres DG - Nothing to Say (Original Mix).jams",0.0
588558 Thes One - Montage Minnesota (Original Mix).jams,0.0
5886473 Reprise Project - Restour (Again House Mix).jams,0.0
588879 Jazzsteppa - Five (Original Mix).jams,0.0
5903646 All Out - Electric Mesmerise (Original Mix).jams,0.01064724419950848
5905170 Tony Traxx - Her Shoes (Deep Fetish Mix).jams,0.0
5922688 Niereich - Normalized Frequency (Dig-It Remix).jams,0.0
5925664 Ezequiel Asencio - Aftermoon (Original Mix).jams,0.0
5943904 James Blake - Buzzard & Kestrel (Original Mix).jams,0.0
5955816 DDei&Estate - Bombaclot (Original Mix).jams,0.0
5956160 Wrexial - Downlifts (Original Mix).jams,0.0
5986917 Peter Pearson - Soft Blue (Original Mix).jams,0.0
5996975 Decaville - Never Stop (Original Mix).jams,0.0
5998113 The SmokeTonez - Lifetime Rave (Original Mix).jams,0.0
6002570 Dalem Osuno - Door's Secret (Original Mix).jams,0.0
6003575 Fritz Monath - Warm (Original Mix).jams,0.0
6027087 Ruben De Ronde - They Are Not You (LTN Remix).jams,0.0
"603802 Lopez, Ave Blaste - Drakefield Soul (Original Mix).jams",0.0
6086331 Urselle - What´s Up (Original Mix).jams,0.0
"608703 Titus1, Erga - Couture (Electro Selectah Erga Remix).jams",0.0
6087559 Gordon Truerock - Fail Safe (Original Mix).jams,0.0
6105589 Kup - Feelings (Original Mix).jams,0.0
611928 DJ Luciano Mancini - Got (Original Mix).jams,0.0
611933 Cult Of The 13Th Hour - The Way Of The Gun (Original Mix).jams,0.0
6144221 Pano Manara - Speed Up (Original Mix).jams,0.0
6147973 Jay Vegas - Once Again (Original Mix).jams,0.0
6150686 GANDI - My War (Original Mix).jams,0.0
6161061 Unluck - Back To My Roots (Original Mix).jams,0.0
616128 The Mint Frame Of Mind - Frogs With Potatoes And Sour Cream (Toni Rios Remix).jams,0.0
616415 Sunfreakz - Drive Out (Original Radio Edit).jams,0.0
6165907 Ryan Starbuck - Belearica (Finn Sunset Remix).jams,0.0
6199830 Mattias Fridell - Bengal (Original Mix).jams,0.0
6217931 Johannes Huppertz - Lazy Jazz (Original Mix).jams,0.0
"6218674 Skyboy, Andrea Di Rocco, Frank - A Space Walk With Ennio (feat. Frank) (Alex Niggemann Remix).jams",0.0
6220367 Anton Stellz - Drop It (Original Mix).jams,0.0
"6222804 Sonic Entity, Lyktum - Entitum (Original Mix).jams",0.0
6227783 Alex Van Deep - Estival (Original Mix).jams,0.0
6230588 Dark Maestro - Give It Up (Original Mix).jams,0.00826761598360044
6235742 The Cow - Goatherd (Original Mix).jams,0.0
6247002 Fractal Architect - Skysurfing (Original Mix).jams,0.0
6275984 Qlab - Why (Original Mix).jams,0.0
6276803 Cactus Arising - Identify Stars (Remix).jams,0.0
6280855 Soultec - Creation (Original Mix).jams,0.008220506804968527
6282277 Barclay & Cream - Natural Thing (Mike Misar Mix).jams,0.0
"6282761 DJNav, Olga Belikova - Far Away (Original Mix).jams",0.0
6289424 Andybwez - The Buzz (Original Mix).jams,0.0
6294281 Nuclear - Solitarity (Original Mix).jams,0.0
"63014 Julian Poker, David Lara - Ketamine (Inkfish 8Bit Ninja Remix).jams",0.0
6308736 Transitive Feelings - Merging Love (Original Mix).jams,0.0
"6316062 Reefer Decree, Inkel - Mind Eclipse (feat. Reefer Decree) (Original Mix).jams",0.0
6317186 Sascha Sonido - Haywire (Detlef Remix).jams,0.0
6320574 Shotu - Looney Loop (Original Mix).jams,0.0
6325840 Raimon - Seventh Heaven (Original Mix).jams,0.0
"6327674 RUN-DMC - Mary, Mary (Original Mix).jams",0.0
6359688 Evil Needle - Tantra feat. Sivey (Original Mix).jams,0.0
6379893 KO TUNE - Urban Citizen (Original Mix).jams,0.0
638337 The Fratt House - P.I.M.P. feat. Ced B (Original Mix).jams,0.0
638879 DJ Nori - Nomad (Original Mix).jams,0.0
6394765 Sayonara - Schon immer so (Original Mix).jams,0.0
6420899 Chimeraz Finest - Phatt Beat (Radio Version).jams,0.0
6431045 Schwalm - This Town feat. Zulma Valdez (Version).jams,0.0
6448769 JC Delacruz - Roadrunner (Original Mix).jams,0.0
6461913 Jeremy Diesel - Watchin (Original Mix).jams,0.0
6462754 Dykkon - Blut (Original Mix).jams,0.0
6476511 Gucci Mane & Rocko - Wrong Man (Original Mix).jams,0.0
650371 Hyper - Centre Attraction (G.e.R.M Mix).jams,0.0
650505 G-Light - Aint Talking About (Original Mix).jams,0.0
65102 Modeselektor - Fake Emotion feat. Paul St.Hillaire (Original Mix).jams,0.0
6532021 Tom 8 - Drop (Jose Solis Remix).jams,0.0
654335 2 Live Crew - Get It Girl (Extended Mix).jams,0.0
"6574410 The Casual Brothers, Christian Kjellvander - A Bittersweet (Retrospective) (Original Mix).jams",0.0
673637 Fleur Earth - Hundesohn (Original Mix).jams,0.010053664663923084
681908 Alic - French Tripping (Theme Fe Remix).jams,0.0
"682387 Berovic, Leicher - Owabi (Original Mix).jams",0.0
686686 Onda Quantica - To The Limit (Original Mix).jams,0.0
"687544 Otisto 23, Laurent de Wilde, Dual Snake - Compa (Dual Snake Remix).jams",0.0213736507925669
69040 Maertini Broes - W.T.U.S. (Original Mix).jams,0.0
"691843 Krieger, Feuersanger - Muunlight (Dennis Grell Mix).jams",0.0
693512 John Askew - 667 (Original Mix).jams,0.0
"696806 Planet Asia, DJ Muggs - Lions In The Forest (DJ Solo Mix (Dirty)).jams",0.0
700076 Dylan Rhymes - Suicide (Original Mix).jams,0.0
"712853 Peterfy Bori, Love Band - Hello Modern Dizajn (Anorganik's Evil Funk Mix).jams",0.0
7217 Made By Monkeys - I Try (Salatore & Focus Remix).jams,0.0
723438 Chipper - 840 (Chipper 420 Remix).jams,0.0
734930 DMX Krew - December Darkness (Original Mix).jams,0.0
74680 Jimmy Van M - Sanctuary (Brancaccio & Aisher Remix).jams,0.0
"753241 DNC, Loktibrada - Neprebudena (Loktibrada Dub).jams",0.0
"754389 740 Boyz, Kevax - Shimmy Shake (Steve'N King Edit).jams",0.0
755905 Caio Carvalho - Chemical Rotine (Original Mix).jams,0.0
760891 Filur - Fallin' (Banzai Republic - Larry Heard Edit).jams,0.0
77806 Swirl People - Fears (Jonene & Touchdown Mix).jams,0.0
780216 Utku S. - Cosmic Milk (Original Mix).jams,0.0
780236 Dual Shock - Something On Your Mind (Original Mix).jams,0.0
787388 Nitrous - Cubik (Original Mix).jams,0.42721221322494607
793946 Reza - Let Yourself Go (Hussey & Bell Dub).jams,0.0
80643 Delon & Dalcan - Panik (Original Mix).jams,0.0
808982 Serafim Tsotsonis - Red Shoes (Original Mix).jams,0.0
821091 David Scaloni - Talkin (Roberto Procaccini Remix).jams,0.0
828061 Sharps - Girl Sweat (Robb G Remix).jams,0.0
"836000 DJ Fait, Miss Destiny - Right here Waiting (Clubbticket Remix Edit).jams",0.0
84098 Benny Blanko - Put Your Hands feat. Pedro Polanski (Original Mix).jams,0.0
841676 Zoo Brazil - Kalle (Norman Doray & Arno Cost Remix).jams,0.0
852917 Anton Lanski - Not Enough (Original Mix).jams,0.0
"861422 Romanto, Out Of The Drum - The Guitar (Original Mix).jams",0.011587974275211846
864300 Beatfanatic - Astro Flight (Original Mix).jams,0.0
868240 Youandewan - Anjou (Original Mix).jams,0.0
871246 Jonny Lexxs - Bite Me (Original Mix).jams,0.0
897094 Fernando Ferreyra - Nebular (John Hellson Circular Remix).jams,0.0
906851 Eitan Reiter - Ups & Downs (Andrea Bertolini Remix).jams,0.0
909102 Chicago Skyway - Heaven (Aroy's Edit).jams,0.0
923844 Fallhead - Field & Corridor (Original Mix).jams,0.011315313227834127
940966 Redeyes - Cruise Ship To The Stars (Chris Su Remix).jams,0.008363472934626708
95799 Deepgroove - Fascinated (Vocal Dub).jams,0.0
958447 DJ Navendu - Viva La Vida (Original Mix).jams,0.0
967034 Cause4Concern - Peep Show (Original Mix).jams,0.01648812278856894
984534 Nappy Riddem - Rastar (Quincy Jointz Instrumental).jams,0.0
987207 Puppy Kicker - Everyone's Happy (Original Mix).jams,0.0
997069 Future Funk Squad - Alien (R3volve Remix).jams,0.0
