Item,cvar,beatport_key/1.0,beatport_key/1.0
103857 Hatstandy Andy - Emerge And See (Dysfunktional Mix).jams,,109,136
1868905 Tayce - Ghost House (Original Mix).jams,,116,174
1883395 Mind Killa - Open Aggression (Original Mix).jams,,117,175
2047805 The Noble Six - Forbidden Kingdom (TwoThirds Remix).jams,,119,177
297030 Percy X - Vox Digital (Original Mix).jams,,93,140
299464 Quarks - Dunkeln (Jamie Hodge Mix).jams,,105,158
299491 Barbara Morgenstern - Eine Verabredung (Original Mix).jams,,102,77
299509 Barbara Morgenstern - Eine Verabredung (Original Mix).jams,,102,77
299801 Agnes (ch) - Anger Therapy (Original Mix).jams,,121,180
3116337 Speh - Reaching You (Original Mix).jams,,116,87
3154894 nCamargo - Closer To Yo (Original Mix).jams,,116,174
3558946 Philipp Munch - Mountain (Original Mix).jams,,104,78
3743797 Limonene - Infinity (Original Mix).jams,,100,138
4572120 Zoomorfos - Acid Rain (Original Mix).jams,,107,160
497517 Rufige Kru - Vip Riders Chost (The Origin) (Original Mix).jams,,111,83
5492171 DT - Impulse (Original Mix).jams,,93,70
5622199 Item - Meltdown (Original Mix).jams,,116,87
787388 Nitrous - Cubik (Original Mix).jams,,119,177
